{"cameraMode":{"drawMode":0,"name":"Shaded","section":"Shading Mode"},"sceneLighting":true,"audioPlay":false,"sceneViewState":{"m_AlwaysRefresh":false,"showFog":true,"showSkybox":true,"showFlares":true,"showImageEffects":true,"showParticleSystems":true,"showVisualEffectGraphs":true,"m_FxEnabled":true},"in2DMode":false,"pivot":{"x":-15.006059646606446,"y":-10.028595924377442,"z":-19.011829376220704},"rotation":{"x":0.07463284581899643,"y":-0.8970835208892822,"z":0.16630932688713075,"w":0.40254026651382449},"size":20.269441604614259,"orthographic":false}