{"cameraMode":{"drawMode":0,"name":"Shaded","section":"Shading Mode"},"sceneLighting":true,"audioPlay":false,"sceneViewState":{"m_AlwaysRefresh":false,"showFog":true,"showSkybox":true,"showFlares":true,"showImageEffects":true,"showParticleSystems":true,"showVisualEffectGraphs":true,"m_FxEnabled":true},"in2DMode":false,"pivot":{"x":-5.4835710525512699,"y":-3.2442448139190676,"z":-10.295772552490235},"rotation":{"x":-0.003611748106777668,"y":-0.9863829612731934,"z":0.16304060816764832,"w":-0.02191149815917015},"size":13.83590316772461,"orthographic":false}