{"cameraMode":{"drawMode":0,"name":"Shaded","section":"Shading Mode"},"sceneLighting":false,"audioPlay":false,"sceneViewState":{"showFog":true,"showMaterialUpdate":false,"showSkybox":false,"showFlares":true,"showImageEffects":true,"showParticleSystems":true},"in2DMode":false,"pivot":{"x":-4.920835494995117,"y":2.1940133571624758,"z":1.8329838514328004},"rotation":{"x":0.16504471004009248,"y":0.10707717388868332,"z":-0.018626296892762185,"w":0.9806253910064697},"size":2.76792573928833,"orthographic":false}