{"cameraMode":{"drawMode":0,"name":"Shaded","section":"Shading Mode"},"sceneLighting":false,"audioPlay":false,"sceneViewState":{"showFog":true,"showMaterialUpdate":false,"showSkybox":false,"showFlares":true,"showImageEffects":true,"showParticleSystems":true},"in2DMode":false,"pivot":{"x":3.9579999446868898,"y":2.8593506813049318,"z":-10.912534713745118},"rotation":{"x":-0.024817226454615594,"y":-0.9738697409629822,"z":0.18509826064109803,"w":-0.13126251101493836},"size":2.767925262451172,"orthographic":false}